Index,Company Name,URL,Followers
24,Materialise,https://www.linkedin.com/company/4463/,"61,645 followers"
25,Jabil,https://www.linkedin.com/company/4852/,"439,815 followers"
26,Forbes,https://www.linkedin.com/company/5597/,"17,965,007 followers"
27,Ferrari,https://www.linkedin.com/company/7050/,"1,999,763 followers"
28,Meta,https://www.linkedin.com/company/10667/,"10,315,517 followers"
29,GKN Aerospace,https://www.linkedin.com/company/10967/,"261,190 followers"
32,TWI,https://www.linkedin.com/company/14139/,"62,963 followers"
33,Tesla,https://www.linkedin.com/company/15564/,"11,951,902 followers"
34,Renishaw,https://www.linkedin.com/company/17990/,"77,145 followers"
35,Etteplan,https://www.linkedin.com/company/27647/,"34,459 followers"
36,H√∂gan√§s AB,https://www.linkedin.com/company/28210/,"21,102 followers"
37,SpaceX,https://www.linkedin.com/company/30846/,"3,164,681 followers"
38,Boston Dynamics,https://www.linkedin.com/company/45918/,"492,731 followers"
39,MAPEI USA,https://www.linkedin.com/company/46928/,"32,730 followers"
40,Ansys Materials,https://www.linkedin.com/company/68735/,"10,889 followers"
41,KraussMaffei,https://www.linkedin.com/company/91732/,"50,733 followers"
42,"GE Additive, Sweden",https://www.linkedin.com/company/99111/,"11,476 followers"
43,ExOne,https://www.linkedin.com/company/107707/,"13,578 followers"
44,MPP,https://www.linkedin.com/company/131671/,"4,275 followers"
45,ARRK Europe Limited,https://www.linkedin.com/company/139007/,"9,996 followers"
46,3D Systems Latin America,https://www.linkedin.com/company/155226/,"5,130 followers"
47,3D Systems Corporation,https://www.linkedin.com/company/162213/,"105,368 followers"
49,The Economist,https://www.linkedin.com/company/166368/,"12,980,244 followers"
50,FIT Additive Manufacturing Group,https://www.linkedin.com/company/212180/,"7,508 followers"
51,BIG - Bjarke Ingels Group,https://www.linkedin.com/company/212853/,"481,841 followers"
52,ITP Aero,https://www.linkedin.com/company/222282/,"68,398 followers"
53,Quickparts,https://www.linkedin.com/company/274545/,"4,171 followers"
54,Grenzebach Group,https://www.linkedin.com/company/279353/,"11,828 followers"
55,Protolabs,https://www.linkedin.com/company/297505/,"43,732 followers"
56,Protolabs - Europe,https://www.linkedin.com/company/318028/,"11,625 followers"
57,"Rapid Mold Solutions, Inc.",https://www.linkedin.com/company/334003/,"1,156 followers"
58,EOS,https://www.linkedin.com/company/343498/,"83,349 followers"
59,Fives,https://www.linkedin.com/company/360308/,"86,832 followers"
60,FLOW-3D,https://www.linkedin.com/company/381191/,"17,835 followers"
61,Stratasys,https://www.linkedin.com/company/415728/,"124,088 followers"
62,DWFritz Automation,https://www.linkedin.com/company/464385/,"8,141 followers"
63,NIKON METROLOGY,https://www.linkedin.com/company/711482/,"33,758 followers"
64,5N Plus Inc.,https://www.linkedin.com/company/732165/,"3,765 followers"
65,RPWORLD,https://www.linkedin.com/company/739450/,"3,549 followers"
66,"MADFINGER Games, a.s.",https://www.linkedin.com/company/802910/,"7,207 followers"
67,Renishaw UK & Ireland,https://www.linkedin.com/company/1069061/,"4,495 followers"
68,"Proto3000 | Design, Additive Manufacturing, and Metrology",https://www.linkedin.com/company/1084772/,"5,610 followers"
69,WESSLING,https://www.linkedin.com/company/1107577/,"4,801 followers"
70,GrabCAD,https://www.linkedin.com/company/1114814/,"11,375 followers"
71,MIT Technology Review,https://www.linkedin.com/company/1145902/,"1,378,093 followers"
72,"Tecomet, Inc",https://www.linkedin.com/company/1153096/,"13,442 followers"
73,3T Additive Manufacturing Ltd,https://www.linkedin.com/company/1236284/,"10,858 followers"
74,Messer SE & Co. KGaA,https://www.linkedin.com/company/1398122/,"37,582 followers"
75,voxeljet AG,https://www.linkedin.com/company/1403879/,"8,313 followers"
76,pro-beam Group,https://www.linkedin.com/company/1426148/,"1,885 followers"
77,Ensinger GmbH,https://www.linkedin.com/company/1431999/,"7,042 followers"
78,"Parts Life, Inc.",https://www.linkedin.com/company/1511672/,"2,447 followers"
79,Uddeholm,https://www.linkedin.com/company/1534844/,"10,464 followers"
80,Airtech Advanced Materials Group,https://www.linkedin.com/company/1566768/,"5,804 followers"
81,Google DeepMind,https://www.linkedin.com/company/1594050/,"946,885 followers"
82,Plastics Color,https://www.linkedin.com/company/1675982/,"1,420 followers"
83,Precitec - Laser Material Processing,https://www.linkedin.com/company/1698206/,"9,899 followers"
84,AMUG (Additive Manufacturing Users Group),https://www.linkedin.com/company/2182815/,"13,351 followers"
85,ETEC,https://www.linkedin.com/company/2306104/,"13,097 followers"
86,Manufacturing Technologies Association (MTA),https://www.linkedin.com/company/2315221/,"5,883 followers"
87,Amazon Web Services (AWS),https://www.linkedin.com/company/2382910/,"9,132,176 followers"
88,Lincotek Medical,https://www.linkedin.com/company/2396923/,"5,858 followers"
89,MicroTek Finishing,https://www.linkedin.com/company/2399113/,375 followers
90,"Advanced MS EXCEL, Power Query, Power BI skills for Business Intelligence",https://www.linkedin.com/company/2463855/,"163,050 followers"
91,rapid prototype and manufacturing,https://www.linkedin.com/company/2464741/,"1,882 followers"
92,"Creabis GmbH, additive manufacturing services",https://www.linkedin.com/company/2475851/,399 followers
93,United Grinding Group,https://www.linkedin.com/company/2480540/,"13,128 followers"
94,3D Printing,https://www.linkedin.com/company/2525967/,"3,183 followers"
95,EDRMedeso,https://www.linkedin.com/company/2539867/,"7,024 followers"
96,3D Printing Network,https://www.linkedin.com/company/2652267/,"1,838 followers"
97,3D Printing Industry,https://www.linkedin.com/company/2675684/,"27,709 followers"
98,KW Special Projects Ltd,https://www.linkedin.com/company/2713095/,"4,595 followers"
99,Inovus Medical,https://www.linkedin.com/company/2798371/,"8,404 followers"
100,Additive Industries,https://www.linkedin.com/company/2835548/,"14,264 followers"
101,DELO Industrial Adhesives,https://www.linkedin.com/company/2978885/,"8,597 followers"
102,Additive Manufacturing Research,https://www.linkedin.com/company/3016246/,"1,995 followers"
103,3DPX Additive Manufacturing,https://www.linkedin.com/company/3119915/,"1,357 followers"
104,Real Python,https://www.linkedin.com/company/3130543/,"205,146 followers"
105,WASP,https://www.linkedin.com/company/3143399/,"11,857 followers"
106,High Value Manufacturing Catapult,https://www.linkedin.com/company/3236848/,"16,656 followers"
107,Fictiv,https://www.linkedin.com/company/3242677/,"20,850 followers"
108,Fabbaloo,https://www.linkedin.com/company/3248812/,"4,128 followers"
109,Hybrid Manufacturing Technologies,https://www.linkedin.com/company/3307969/,"1,957 followers"
110,Spring s.r.l.,https://www.linkedin.com/company/3347876/,"1,992 followers"
111,CyBe Construction,https://www.linkedin.com/company/3476340/,"8,440 followers"
112,RPDK,https://www.linkedin.com/company/3532052/,"2,305 followers"
113,3D Printing Channel,https://www.linkedin.com/company/3545347/,"5,617 followers"
114,Analytics Vidhya,https://www.linkedin.com/company/3632032/,"181,872 followers"
115,Google Cloud,https://www.linkedin.com/company/3648281/,"2,256,471 followers"
116,3DPrint.com,https://www.linkedin.com/company/3748374/,"28,462 followers"
117,Polymaker,https://www.linkedin.com/company/3771406/,"2,704 followers"
118,Icon,https://www.linkedin.com/company/3796739/,"54,568 followers"
119,Porsche AG,https://www.linkedin.com/company/3823740/,"1,374,930 followers"
120,Nikon SLM Solutions,https://www.linkedin.com/company/3847649/,"48,810 followers"
121,Flashforge 3D Printer¬Æ,https://www.linkedin.com/company/3883819/,"5,227 followers"
122,Konradin Mediengruppe,https://www.linkedin.com/company/3936786/,942 followers
123,The 3D Printing Association,https://www.linkedin.com/company/4974030/,"1,168 followers"
124,3Dnatives,https://www.linkedin.com/company/4987104/,"23,591 followers"
125,THINK Corp Comms | IM GROUP,https://www.linkedin.com/company/5027579/,"4,354 followers"
126,"Additive Manufacturing, LLC",https://www.linkedin.com/company/5156697/,"1,938 followers"
127,CNC Robotics Ltd,https://www.linkedin.com/company/5190707/,"9,215 followers"
128,Howco Group,https://www.linkedin.com/company/5241651/,"8,777 followers"
129,FKM Additive Manufacturing,https://www.linkedin.com/company/5290413/,"1,323 followers"
130,BASF Forward AM,https://www.linkedin.com/company/5300975/,"10,042 followers"
131,Additive-X Ltd,https://www.linkedin.com/company/5305038/,"3,310 followers"
132,Additive Manufacturing Technologies Ltd. (AMTech),https://www.linkedin.com/company/5358140/,588 followers
133,Mercedes-Benz AG,https://www.linkedin.com/company/5383634/,"1,588,804 followers"
134,TRUMPF,https://www.linkedin.com/company/6360273/,"161,107 followers"
135,All3DP,https://www.linkedin.com/company/6458530/,"8,447 followers"
136,Porsche Deutschland GmbH,https://www.linkedin.com/company/6722166/,"58,413 followers"
137,Matsuura Machinery Ltd,https://www.linkedin.com/company/7125877/,"16,695 followers"
138,Hollywood 3D Printing,https://www.linkedin.com/company/7587055/,"1,349 followers"
139,Velo3D,https://www.linkedin.com/company/7973813/,"43,276 followers"
140,IPG Laser GmbH & CO. KG,https://www.linkedin.com/company/8292923/,"13,767 followers"
141,Bosch Engineering GmbH,https://www.linkedin.com/company/8919924/,"27,035 followers"
142,Graphite Additive Manufacturing Limited,https://www.linkedin.com/company/8968161/,"1,584 followers"
143,"GE Additive, Lichtenfels",https://www.linkedin.com/company/9197168/,"4,144 followers"
144,MIZAR Additive Manufacturing,https://www.linkedin.com/company/9197231/,"2,439 followers"
145,SINTRATEC,https://www.linkedin.com/company/9206239/,"5,859 followers"
146,Renishaw Additive Manufacturing,https://www.linkedin.com/company/9254780/,"24,114 followers"
147,APWORKS Additive Manufacturing,https://www.linkedin.com/company/9271544/,"5,914 followers"
148,Open Data Science Conference (ODSC),https://www.linkedin.com/company/9358547/,"136,575 followers"
149,Axial3D,https://www.linkedin.com/company/9373880/,"6,812 followers"
150,Massivit 3D Printing Technologies Ltd.,https://www.linkedin.com/company/9383658/,"14,614 followers"
151,AMT PostPro,https://www.linkedin.com/company/9393813/,"17,354 followers"
152,MX3D,https://www.linkedin.com/company/9486420/,"14,423 followers"
153,Mechanical 3D Modelling,https://www.linkedin.com/company/9504437/,"6,719 followers"
154,Alexander Daniels Global,https://www.linkedin.com/company/10000090/,"9,685 followers"
155,Belotti SpA,https://www.linkedin.com/company/10010465/,"5,992 followers"
156,National Centre for Additive Manufacturing (NCAM),https://www.linkedin.com/company/10016366/,"5,082 followers"
157,Additive Manufacturing Media,https://www.linkedin.com/company/10031807/,"29,114 followers"
158,Joris Laarman Lab,https://www.linkedin.com/company/10072514/,"1,359 followers"
159,"Volume Graphics, part of Hexagon",https://www.linkedin.com/company/10078234/,"4,175 followers"
160,Additive Marking GmbH,https://www.linkedin.com/company/10140143/,"1,519 followers"
161,"XtreeE, the large-scale 3D",https://www.linkedin.com/company/10190056/,"10,704 followers"
162,AnyShape - Additive Manufacturing Innovation,https://www.linkedin.com/company/10200498/,"1,699 followers"
163,Caracol AM,https://www.linkedin.com/company/10318922/,"8,994 followers"
164,Apis Cor,https://www.linkedin.com/company/10320739/,"11,343 followers"
165,Desktop Metal,https://www.linkedin.com/company/10383111/,"41,537 followers"
166,VoxelMatters,https://www.linkedin.com/company/10419198/,"8,715 followers"
167,AMFG,https://www.linkedin.com/company/10442679/,"22,774 followers"
168,Manufacturing News,https://www.linkedin.com/company/10513702/,"4,166 followers"
169,Data Science Academy,https://www.linkedin.com/company/10514544/,"497,601 followers"
170,VDMA Additive Manufacturing,https://www.linkedin.com/company/10541814/,"4,384 followers"
171,Machine Learning Mastery,https://www.linkedin.com/company/10685546/,"284,382 followers"
172,3DGBIRE,https://www.linkedin.com/company/10707181/,"4,866 followers"
173,ACAM Aachen Center for Additive Manufacturing GmbH,https://www.linkedin.com/company/10792116/,"2,432 followers"
174,Farsoon Technologies,https://www.linkedin.com/company/10840437/,"3,551 followers"
175,SuperDataScience,https://www.linkedin.com/company/10849637/,"93,259 followers"
176,CHIRON Group SE,https://www.linkedin.com/company/10874631/,"14,337 followers"
177,AddUp,https://www.linkedin.com/company/10887890/,"14,805 followers"
178,UBS Asset Management,https://www.linkedin.com/company/10996666/,"177,470 followers"
179,LISI AEROSPACE ADDITIVE MANUFACTURING,https://www.linkedin.com/company/11016694/,"5,411 followers"
180,DMG MORI,https://www.linkedin.com/company/11099415/,"148,060 followers"
181,Alloyed,https://www.linkedin.com/company/11113749/,"6,997 followers"
182,Metal Additive Manufacturing magazine,https://www.linkedin.com/company/11114089/,"33,343 followers"
183,OpenAI,https://www.linkedin.com/company/11130470/,"4,966,013 followers"
184,Bowman 3D,https://www.linkedin.com/company/11135123/,"1,265 followers"
185,TRUMPF ADDITIVE MANUFACTURING ITALIA S.R.L.,https://www.linkedin.com/company/11143204/,"1,679 followers"
186,3D ADEPT (3DA),https://www.linkedin.com/company/11150732/,"4,918 followers"
187,Tsunami Medical,https://www.linkedin.com/company/11208739/,"2,056 followers"
188,WMG Business,https://www.linkedin.com/company/11216009/,"6,473 followers"
189,RENA Additive Manufacturing,https://www.linkedin.com/company/11323882/,"1,232 followers"
190,Additive Manufacturing Solutions Ltd.,https://www.linkedin.com/company/11327100/,"1,911 followers"
191,Oqton,https://www.linkedin.com/company/11337074/,"8,952 followers"
192,Multi-Scale Additive Manufacturing Laboratory,https://www.linkedin.com/company/11340926/,"2,556 followers"
193,Additive Manufacturing,https://www.linkedin.com/company/11414497/,"4,169 followers"
194,ARBURG GmbH + Co KG,https://www.linkedin.com/company/11452391/,"36,351 followers"
195,Photocentric,https://www.linkedin.com/company/11453368/,"5,636 followers"
196,HP 3D Printing,https://www.linkedin.com/company/11495807/,"47,196 followers"
197,SAE Industry Technologies Consortia,https://www.linkedin.com/company/11511513/,"3,109 followers"
198,KLS Martin Group - IPS,https://www.linkedin.com/company/11740441/,"2,869 followers"
199,Mark3D Deutschland,https://www.linkedin.com/company/11745419/,288 followers
200,GF Machining Solutions,https://www.linkedin.com/company/11805014/,"55,992 followers"
201,Datamole,https://www.linkedin.com/company/11830431/,"1,488 followers"
202,eSUN 3D Printing,https://www.linkedin.com/company/12176553/,"1,915 followers"
203,WAAM3D,https://www.linkedin.com/company/12574888/,"3,918 followers"
204,Joris Laarman Studio,https://www.linkedin.com/company/12590482/,838 followers
205,GF Casting Solutions,https://www.linkedin.com/company/12596535/,"14,604 followers"
206,COBOD International,https://www.linkedin.com/company/12598436/,"16,724 followers"
207,Twente Additive Manufacturing,https://www.linkedin.com/company/12640791/,"3,637 followers"
208,Rapid Shape GmbH,https://www.linkedin.com/company/12828743/,"2,592 followers"
209,Orion Additive Manufacturing,https://www.linkedin.com/company/13010478/,"2,057 followers"
210,Raise3D Technologies,https://www.linkedin.com/company/13199621/,"14,333 followers"
211,AMT Pte. Ltd.,https://www.linkedin.com/company/13239698/,"4,100 followers"
212,YIZUMI,https://www.linkedin.com/company/13378733/,"7,204 followers"
213,AMTECH - Additive Manufacturing Expo,https://www.linkedin.com/company/13440194/,"4,067 followers"
214,Additive Assurance,https://www.linkedin.com/company/13578901/,"1,262 followers"
215,Rapid 3D¬ÆÔ∏è,https://www.linkedin.com/company/13591112/,"1,114 followers"
216,HBD Additive Manufacturing,https://www.linkedin.com/company/13664151/,"2,544 followers"
217,Indian Additive Manufacturing Forum,https://www.linkedin.com/company/13664881/,"1,011 followers"
218,Creality 3D,https://www.linkedin.com/company/13719766/,"28,904 followers"
219,3D printing,https://www.linkedin.com/company/13750479/,"6,237 followers"
220,Data Visualization Society,https://www.linkedin.com/company/13983442/,"144,584 followers"
221,3D PRINTED TALENT,https://www.linkedin.com/company/14003979/,"6,178 followers"
222,Additive Laser Technology (ALT),https://www.linkedin.com/company/14016120/,569 followers
223,Silex3D Print // Additive Manufacturing,https://www.linkedin.com/company/14045238/,"1,261 followers"
224,Materialize,https://www.linkedin.com/company/14059168/,"6,206 followers"
225,RapidTech + FabCon 3D,https://www.linkedin.com/company/14065256/,"2,057 followers"
226,Mighty Buildings,https://www.linkedin.com/company/14396828/,"13,086 followers"
227,PIX Moving,https://www.linkedin.com/company/14478414/,"4,054 followers"
228,Maxphotonics,https://www.linkedin.com/company/14495165/,"2,987 followers"
229,HeyGears,https://www.linkedin.com/company/14525995/,"9,321 followers"
230,MudBots 3D Concrete Printer,https://www.linkedin.com/company/14574885/,"2,028 followers"
231,Oerlikon AM,https://www.linkedin.com/company/14612891/,"7,493 followers"
232,OpenCV,https://www.linkedin.com/company/14641043/,"267,738 followers"
233,Additive Manufacturing Germany GmbH & Co. KG,https://www.linkedin.com/company/14806103/,"1,411 followers"
234,Czech Technical University in Prague,https://www.linkedin.com/company/15091777/,"69,693 followers"
235,Hamburg University of Technology,https://www.linkedin.com/company/15092611/,"29,726 followers"
236,Ai Build,https://www.linkedin.com/company/15172525/,"15,324 followers"
237,GE Additive,https://www.linkedin.com/company/15233058/,"64,976 followers"
238,Additive Engineering Solutions,https://www.linkedin.com/company/15237398/,"4,328 followers"
239,AML3D (ASX:AL3),https://www.linkedin.com/company/15263126/,"4,206 followers"
240,Swedish Arena for Additive Manufacturing of Metals,https://www.linkedin.com/company/15777865/,"2,043 followers"
241,Synergy Additive Manufacturing LLC,https://www.linkedin.com/company/16154650/,"1,244 followers"
242,INTAMSYS,https://www.linkedin.com/company/16240248/,"4,253 followers"
243,Formnext - Where ideas take shape,https://www.linkedin.com/company/17902365/,"24,747 followers"
244,NVIDIA AI,https://www.linkedin.com/company/18000077/,"822,967 followers"
245,Fabrica Group,https://www.linkedin.com/company/18102342/,"5,126 followers"
246,KU Leuven Additive Manufacturing Institute,https://www.linkedin.com/company/18102387/,"5,446 followers"
247,PRECISION / EXPEDITED,https://www.linkedin.com/company/18114208/,"2,236 followers"
248,Mark3D - Markforged,https://www.linkedin.com/company/18128807/,"7,630 followers"
249,Whittaker Group Ltd,https://www.linkedin.com/company/18142367/,"5,565 followers"
250,Materialise Manufacturing,https://www.linkedin.com/company/18172984/,"9,171 followers"
251,Prusa Research,https://www.linkedin.com/company/18216356/,"28,886 followers"
252,DeepLearning.AI,https://www.linkedin.com/company/18246783/,"927,798 followers"
253,Additive Manufacturing Solutions (Pty) Ltd,https://www.linkedin.com/company/18325973/,679 followers
254,GEFERTEC,https://www.linkedin.com/company/18525181/,"4,686 followers"
255,Volkswagen,https://www.linkedin.com/company/18543730/,"174,262 followers"
256,Constructions-3D,https://www.linkedin.com/company/18712327/,"4,575 followers"
257,Additive Center,https://www.linkedin.com/company/18713109/,"2,003 followers"
258,Mark3D Benelux,https://www.linkedin.com/company/18717266/,323 followers
259,AMIGA ADDITIVE MANUFACTURING,https://www.linkedin.com/company/18727004/,995 followers
260,Cartisian Technical Recruitment,https://www.linkedin.com/company/18803185/,"6,038 followers"
261,The Boring Company,https://www.linkedin.com/company/18829058/,"22,485 followers"
262,voestalpine Additive Manufacturing,https://www.linkedin.com/company/18845755/,"5,209 followers"
263,PSB Recruitment,https://www.linkedin.com/company/18902763/,"9,923 followers"
264,EIT Manufacturing,https://www.linkedin.com/company/18902816/,"18,174 followers"
265,The Boring Company,https://www.linkedin.com/company/18904337/,"65,373 followers"
266,Neuralink,https://www.linkedin.com/company/19002862/,"333,796 followers"
267,BMW,https://www.linkedin.com/company/19171593/,"132,826 followers"
268,Rapid Axis,https://www.linkedin.com/company/19177409/,"1,455 followers"
269,ADDiTEC,https://www.linkedin.com/company/23852015/,"2,684 followers"
270,Towards Data Science,https://www.linkedin.com/company/24779358/,"619,676 followers"
271,RCAM Technologies,https://www.linkedin.com/company/24799611/,"2,339 followers"
272,Icon 3D,https://www.linkedin.com/company/24974664/,864 followers
273,Skyrora Ltd,https://www.linkedin.com/company/25012809/,"22,901 followers"
274,Google for Developers,https://www.linkedin.com/company/25013385/,"1,249,203 followers"
275,Rapid Application Group LLC,https://www.linkedin.com/company/25035058/,"1,068 followers"
276,BEAMIT Group - Additive Manufacturing Technologies,https://www.linkedin.com/company/27008404/,"6,491 followers"
277,GKN Additive,https://www.linkedin.com/company/27141208/,"10,864 followers"
278,ICON,https://www.linkedin.com/company/27238745/,"38,614 followers"
279,American Additive Manufacturing,https://www.linkedin.com/company/28175073/,"1,657 followers"
280,Wayland Additive,https://www.linkedin.com/company/28415847/,"3,323 followers"
281,Additive Flow,https://www.linkedin.com/company/28609048/,"1,399 followers"
282,Machine Learning,https://www.linkedin.com/company/28641018/,"219,946 followers"
283,XEV,https://www.linkedin.com/company/28669682/,"6,701 followers"
284,Bosch Industrial Additive Manufacturing,https://www.linkedin.com/company/28919349/,"1,234 followers"
285,RMIT Centre for Additive Manufacturing,https://www.linkedin.com/company/29292121/,"6,106 followers"
286,UnionTech3D,https://www.linkedin.com/company/30249228/,"1,105 followers"
287,Manufacturing Metrology KU Leuven,https://www.linkedin.com/company/30769595/,"1,199 followers"
288,Additive Manufacturing Forum I AM Forum Berlin,https://www.linkedin.com/company/31175177/,"5,199 followers"
289,Bright Laser Technologies - BLT,https://www.linkedin.com/company/32942728/,"5,334 followers"
290,Vertico,https://www.linkedin.com/company/33181946/,"5,952 followers"
291,GKN Powder Metallurgy,https://www.linkedin.com/company/33182201/,"20,746 followers"
292,Gen3D,https://www.linkedin.com/company/33258515/,"4,751 followers"
293,Ricoh 3D,https://www.linkedin.com/company/34644810/,"6,201 followers"
294,Additive Italia srl,https://www.linkedin.com/company/34713873/,"2,069 followers"
295,Manufacturing AUTOMATION,https://www.linkedin.com/company/35439074/,"2,337 followers"
296,Kensington Additive,https://www.linkedin.com/company/35446724/,"17,337 followers"
297,ATLANT 3D,https://www.linkedin.com/company/35501473/,"5,623 followers"
298,Maven Analytics,https://www.linkedin.com/company/35519409/,"171,475 followers"
299,ASTM Additive Manufacturing Center of Excellence,https://www.linkedin.com/company/35558685/,"29,392 followers"
300,Additive America,https://www.linkedin.com/company/35577098/,"7,316 followers"
301,Hypermetal - Metal Additive Manufacturing,https://www.linkedin.com/company/35595359/,"2,367 followers"
302,Diamond Age,https://www.linkedin.com/company/35681225/,"2,768 followers"
303,Towards AI,https://www.linkedin.com/company/35687950/,"260,308 followers"
304,SABIC‚Äôs Specialties Business -  Solutions for Additive Manufacturing,https://www.linkedin.com/company/35711977/,"7,244 followers"
305,SABIC‚Äôs Specialties Business - Solutions for Mobility,https://www.linkedin.com/company/40714172/,"6,552 followers"
306,storytelling with data,https://www.linkedin.com/company/40746406/,"146,211 followers"
307,Meltio,https://www.linkedin.com/company/40936883/,"20,625 followers"
308,OLMAR | Autoclaves & Additive Manufacturing,https://www.linkedin.com/company/42164061/,"1,658 followers"
309,Additive Manufacturing Coalition,https://www.linkedin.com/company/51703171/,"1,286 followers"
310,Plastometrex,https://www.linkedin.com/company/53412217/,"4,623 followers"
311,additive - Die Plattform f√ºr additive Fertigung,https://www.linkedin.com/company/56410770/,"1,134 followers"
312,Additive Manufacturer Green Trade Association (AMGTA),https://www.linkedin.com/company/64251713/,"3,194 followers"
313,Additive Manufacturing Strategies,https://www.linkedin.com/company/64502994/,"2,954 followers"
314,High5,https://www.linkedin.com/company/65278424/,"67,024 followers"
315,Additive Drives GmbH,https://www.linkedin.com/company/65681932/,"5,315 followers"
316,Black Buffalo 3D Corporation,https://www.linkedin.com/company/65839142/,"4,295 followers"
317,"Big Sun Holdings Group, Inc.",https://www.linkedin.com/company/65839990/,559 followers
318,Digital Manufacturing Centre (DMC),https://www.linkedin.com/company/66267231/,"4,699 followers"
319,JITA,https://www.linkedin.com/company/66352898/,"2,635 followers"
320,Optimised 3D Engineering Ltd,https://www.linkedin.com/company/67719775/,245 followers
321,Additive Manufacturing in Brainport Eindhoven,https://www.linkedin.com/company/68573765/,"2,511 followers"
322,Swiss Steel Group,https://www.linkedin.com/company/68879712/,"18,045 followers"
323,AdamDanyal.com,https://www.linkedin.com/company/69206356/,"1,543,898 followers"
324,PUNTOZERO - Design for Additive Manufacturing,https://www.linkedin.com/company/70118803/,"4,107 followers"
325,Generative AI,https://www.linkedin.com/company/70502230/,"3,604,753 followers"
326,Eplus3D Additive Manufacturing,https://www.linkedin.com/company/71007449/,"7,363 followers"
327,Rapid Fluidics,https://www.linkedin.com/company/71451687/,"1,975 followers"
328,3D Printed Architecture,https://www.linkedin.com/company/71502668/,"30,806 followers"
329,SQ4D,https://www.linkedin.com/company/71503324/,"2,744 followers"
330,Additive Appliances,https://www.linkedin.com/company/71707177/,"1,206 followers"
331,RAPID + TCT,https://www.linkedin.com/company/71821115/,"6,115 followers"
332,"iSUN3D Tech (ShenZhen) Co., Ltd",https://www.linkedin.com/company/72373333/,"1,719 followers"
333,Audi Deutschland,https://www.linkedin.com/company/72440989/,"70,176 followers"
334,Additive Engineering,https://www.linkedin.com/company/72672572/,"1,394 followers"
335,Built Environment Additive Manufacturing,https://www.linkedin.com/company/72704808/,"1,089 followers"
336,Mercedes-Benz Deutschland,https://www.linkedin.com/company/73873291/,"72,285 followers"
337,Additive Manufacturing Meets Medicine - AMMM,https://www.linkedin.com/company/73998547/,"1,272 followers"
338,Alquist 3D,https://www.linkedin.com/company/74299398/,"3,411 followers"
339,Malvern Panalytical Advanced Materials,https://www.linkedin.com/company/76151960/,"6,570 followers"
340,LRQA,https://www.linkedin.com/company/76510250/,"36,235 followers"
341,Additive Manufacturing at Fraunhofer ILT,https://www.linkedin.com/company/76631286/,"1,863 followers"
342,Additive Manufacturing UK,https://www.linkedin.com/company/77062628/,"2,220 followers"
343,Additive Manufacturing,https://www.linkedin.com/company/77153917/,"5,428 followers"
344,DataScientest Germany,https://www.linkedin.com/company/77578311/,"1,744 followers"
345,Shopzu.com,https://www.linkedin.com/company/77637689/,"1,554,275 followers"
346,nidus3D,https://www.linkedin.com/company/77699250/,"2,922 followers"
347,PERI 3D Construction,https://www.linkedin.com/company/77829748/,"21,940 followers"
348,Metal Plasticity & Additive Manufacturing Group,https://www.linkedin.com/company/77846062/,"1,056 followers"
349,AWS Machine Learning,https://www.linkedin.com/company/77863407/,"397,588 followers"
350,Centre for Additive Manufacturing (CfAM) at University of Nottingham,https://www.linkedin.com/company/77949146/,"1,117 followers"
351,Additure,https://www.linkedin.com/company/78307866/,"1,015 followers"
352,Sigma Engineered Solutions,https://www.linkedin.com/company/78396031/,"31,235 followers"
353,PyTorch,https://www.linkedin.com/company/78618366/,"247,943 followers"
354,National Centre for Additive Manufacturing (NCAM),https://www.linkedin.com/company/79106268/,"3,179 followers"
355,Microsoft Research,https://www.linkedin.com/company/79153021/,"267,563 followers"
356,Sandvik Additive Manufacturing,https://www.linkedin.com/company/79657491/,"9,542 followers"
357,Manufacturing with Stratasys,https://www.linkedin.com/company/79723964/,"4,730 followers"
358,Papers with Code,https://www.linkedin.com/company/80163589/,"52,491 followers"
359,PhysicsX,https://www.linkedin.com/company/80400845/,"4,063 followers"
360,3Printr.com,https://www.linkedin.com/company/80636350/,"11,817 followers"
361,Bambu Lab,https://www.linkedin.com/company/81807114/,"5,769 followers"
362,Additive Surgical,https://www.linkedin.com/company/81841580/,"3,458 followers"
363,Emergent,https://www.linkedin.com/company/82330272/,"1,605 followers"
364,Spark,https://www.linkedin.com/company/82546962/,"4,135 followers"
365,Contour3D,https://www.linkedin.com/company/82834422/,"2,509 followers"
366,Makino Additive Manufacturing,https://www.linkedin.com/company/82846946/,"2,065 followers"
367,3DX Additive Manufacturing,https://www.linkedin.com/company/83510341/,"2,901 followers"
368,W√ºrth Additive Group,https://www.linkedin.com/company/84523782/,"2,899 followers"
369,Addvalue Additive Manufacturing Systems,https://www.linkedin.com/company/85611154/,"1,835 followers"
370,3D Printing  Center for Health,https://www.linkedin.com/company/86679797/,"1,283 followers"
371,Additive Engineering Inc.,https://www.linkedin.com/company/90338337/,935 followers
372,3D Printing,https://www.linkedin.com/company/92746252/,"51,736 followers"
373,Rapid Prototyping,https://www.linkedin.com/company/92747091/,"12,988 followers"
374,EMS Future,https://www.linkedin.com/company/92876153/,531 followers
375,National Center for Additive Manufacturing Excellence (NCAME),https://www.linkedin.com/company/92885105/,"2,974 followers"
376,MedTech Innovator 360,https://www.linkedin.com/company/100763044/,283 followers
377,3D Printing Prosthetics & Orthotics,No URL,"2,358 members"
378,3D Printing Today,No URL,"92,992 members"
379,3D Concrete Printing,No URL,"2,130 members"
380,Additive Manufacturing / 3D Printing / 4D Printing / Smart Manufacturing,No URL,"11,003 members"
381,"Manufacturing/Industrial: Robotics, AI, IoT, 3D Printing, Automation and Engineering",No URL,"40,176 members"
382,The 3D Printing and Additive Manufacturing Group,No URL,"11,459 members"
383,"Artificial Intelligence, Machine Learning, Data Science & Robotics",No URL,"2,999,371 members"
384,"Artificial Intelligence, Deep Learning, Machine Learning",No URL,"1,700,196 members"
385,Machine Learning Community (Moderated),No URL,"1,540,494 members"
386,Java Developers Community (moderated),No URL,"896,662 members"
387,Python Developers Community (moderated),No URL,"2,202,398 members"
388,"Full Stack Developer - Java technologies, UI & Microservices",No URL,"262,680 members"
389,"Artificial Intelligence Investors Group: Robotics, AI & IoT, Machine Learning, NLP & Computer Vision",No URL,"131,945 members"
390,"Developers - Android, iOS developer , Blockchain, Ethereum, Java, Ruby, .net, php, django, etc",No URL,"516,081 members"
391,DevOps Professionals,No URL,"156,874 members"
392,DevOps & SRE Discussions,No URL,"209,807 members"
393,IT Professionals üü• Agile Lean Scrum | DevOps | Cloud | SaaS | Security | Big Data | GenAI | ChatGPT,No URL,"964,215 members"
394,ITIL 4 & ISO20000 Service Management ITSM SIAM SRE DevOps Agile,No URL,"190,100 members"
395,Big Data & Business Analytics,No URL,"87,557 members"
396,Data Science for Industrial Engineers,No URL,"1,833 members"
397,THE NEWSLETTER,No URL,Published monthly
398,How to Strategize Your Life,No URL,Published weekly
399,News of Constructions-3D,No URL,Published monthly
400,Learn AI Together Newsletter,No URL,Published weekly
401,WSJ Networking Challenge,No URL,Published weekly
402,What's Next in Tech,No URL,Published weekly
403,Creality News & Insights,No URL,Published biweekly
404,3Dpresso,No URL,Published weekly
405,The Economist‚Äôs week ahead,No URL,Published weekly
406,The AI Newsletter | Towards AI,No URL,Published weekly
407,Learning Data Together,No URL,Published weekly
408,OpenCV Newsletter,No URL,Published weekly
409,INTELLIGENT AUTOMATION,No URL,Published weekly
410,AI in Action,No URL,Published biweekly
411,Forbes Edge,No URL,Published weekly
412,Insight,No URL,Published monthly
413,Data Science,No URL,Published weekly
414,Porsche Spotlight,No URL,Published monthly
415,Hamburg University of Technology,No URL,"29,726 followers"
416,Czech Technical University in Prague,No URL,"69,693 followers"
